Iter,MPI_error,Jacobi_error,GaussSeidel_error,Chebyshev_error
1,1011.980000,2529.950000,2578.765802,2311.512106
2,611.140080,1276.976250,1324.244049,2538.619907
3,409.509904,656.458729,702.217826,3924.562262
4,296.138411,637.838176,527.358148,21374.765641
5,226.296290,488.490088,398.602314,125222.880809
6,200.344743,398.088893,330.056524,826428.418677
7,178.918952,364.902260,283.104421,5754258.499924
8,160.181170,293.304217,244.010088,41673288.970968
9,144.062020,282.878920,218.194870,313667483.300731
10,130.245706,249.566489,197.927558,2462297025.035532
11,118.379885,226.586128,179.668403,19582974817.184383
12,108.143694,213.224696,165.134217,157394669224.967133
13,99.264671,186.315492,154.060507,1276105171203.107666
14,92.088651,183.833285,143.640189,10422668573238.863281
15,87.652844,166.902813,133.986497,85667017402412.843750
16,83.454221,160.054652,126.883232,707998576102574.000000
17,79.503066,150.550230,120.181044,5879581960240213.000000
18,75.797963,140.651284,113.794606,49036464918656688.000000
19,72.330721,136.130068,108.127600,410538219596867072.000000
20,69.089443,124.861966,103.450275,3450915760872574976.000000
21,66.060431,123.505800,98.913416,29445799909874253824.000000
22,63.229367,115.910408,94.546512,251707565357608665088.000000
23,60.582021,112.465460,90.773716,2155270172956345499648.000000
24,58.104670,107.623916,87.372876,18483888379903598395392.000000
25,55.784329,102.791685,84.059777,158755616602419992985600.000000
26,54.058399,100.025142,80.848526,1365434188184579634888704.000000
27,52.579685,94.286634,78.089060,11759353904126773925249024.000000
28,51.148087,93.089708,75.478102,101399359956816672682147840.000000
29,49.764387,88.518369,72.926384,875380156741382798825226240.000000
30,48.428652,86.772098,70.441552,7565557097523395338359013376.000000
31,47.140419,83.552216,68.290222,65455018446869125770931863552.000000
32,45.898839,81.019099,66.204622,566865169246716145077051195392.000000
33,44.702789,78.887906,64.161949,4913942160259225577230071496704.000000
34,43.550956,75.776663,62.166663,42635753072451432164561233379328.000000
35,42.441900,74.523674,60.413854,371287632818296288516922564149248.000000
36,41.374103,71.328514,58.698038,3245750067696568357781638872039424.000000
37,40.346008,70.449292,57.015201,28387766934711078296592468552974336.000000
38,39.356047,68.024860,55.368063,248401294913947608201328619352489984.000000
39,38.482458,66.649953,53.895111,2174592232863493275483501517223231488.000000
40,37.788066,64.873839,52.451621,19045749394571155295509723806263410688.000000
41,37.107255,63.108668,51.034664,166882004379226048809128005941176827904.000000
42,36.440347,61.878043,49.645938,1462874880392753579515238197193699491840.000000
43,35.787545,59.807724,48.380608,12828805043214397505212005671203038560256.000000
44,35.148946,59.036101,47.145174,112549039232254290946044867684205223477248.000000
45,34.524565,57.096859,45.931847,987800566204814642869180728610222814265344.000000
46,33.914345,56.344079,44.741698,8672894983787906204832410225698814589665280.000000
47,33.318176,54.822407,43.637278,76176639785610320378068870658030349303414784.000000
48,32.735898,53.796453,42.565656,669326679051892348185900618551020808543666176.000000
49,32.167319,52.636670,41.512940,5883135900839591630000837390432329258057596928.000000
50,31.612212,51.386762,40.479805,51728512609525477798783053746681855320933793792.000000
51,31.070331,50.540511,39.504489,454985480090999806371398326041825722652533194752.000000
52,30.541411,49.108069,38.565092,4003203920532799979600631759117415612634103808000.000000
53,30.025174,48.533336,37.642177,35271641101555242223989722780026883847578470842368.000000
54,29.597829,47.215474,36.736162,311545536746678589630006496881794959822140687253504.000000
55,29.208391,46.613526,35.867311,2752323494574395331013386925916855541329172065419264.000000
56,28.824162,45.546848,35.036870,24319730702416228539285951354212866866392578293497856.000000
57,28.445261,44.778756,34.221003,214930763422995413086491680542528600659904874357456896.000000
58,28.071778,43.934452,33.419956,1899844578154940120555287033605936754707069727942901760.000000
59,27.703778,43.026230,32.640817,16796404658766036153477725816519940366760092504590123008.000000
60,27.341306,42.378681,31.901718,148522550594258872273342940392374734981008550076373532672.000000
61,26.984387,41.352860,31.175638,1313546052797987258418190294141414009721592342824469135360.000000
62,26.633029,40.879288,30.462710,11619141499010594305317119168497554414235007619523212738560.000000
63,26.287226,39.912371,29.763026,102796324833510449680943125345536776577198520427138907111424.000000
64,25.946959,39.435542,29.099054,909609340671950781698760256893339900445602997740702235885568.000000
65,25.612200,38.630830,28.449356,8050168432848295671292155297523116139920559026332354878636032.000000
66,25.282908,38.046353,27.811433,71256864245796117616004659905399432183654138407989593629523968.000000
67,24.959038,37.387549,27.185314,630839791793946162926326440063812613282083342013572660647165952.000000
68,24.640536,36.710376,26.581451,5585744117460925107270287695955648146313724892174589205007040512.000000
69,24.339275,36.182734,25.997507,49466539764713664144067392669394200306480496008883914380924682240.000000
70,24.088016,35.426085,25.424175,438136591301068440800831228402035344718832896842756076071234306048.000000
71,23.839120,35.016266,24.861442,3881271138793230212738158439022071116747321941604510315588316299264.000000
72,23.592650,34.268316,24.310998,34387759525016062596570932991565960728115241779229596746364041035776.000000
73,23.348657,33.887772,23.784224,304718067618798041098495808917283027279361001938998544040849620074496.000000
74,23.107187,33.250043,23.267062,2700573200372692498189196443522985610815385860523109400851412563263488.000000
75,22.868276,32.796687,22.759471,23965720083009230210811834897185562753729316733234057732480849370152960.000000
76,22.631954,32.259342,22.261398,212876068973143916899876902840379354146611887331862365480321538439774208.000000
77,22.398243,31.742293,21.780173,1891045298936815701521102595551450817322921218643087768017219099291549696.000000
78,22.167161,31.296311,21.312264,16800245411033154910460567858316088227001541917964870376351129515161812992.000000
79,21.938719,30.723762,20.853033,149268362219241815945476681658563839825718402533375898006416940138357587968.000000
80,21.712924,30.360873,20.402416,1326350116314395012301734054693082780956803783754798719468796146606336376832.000000
81,21.489779,29.760444,19.960983,11786548902646187599362094122439064909576468328034073452227159044983063838720.000000
82,21.269283,29.452809,19.536564,104749750510527069211057944259467266334125645472201643486667687456110477836288.000000
83,21.051431,28.930203,19.120041,931015580989811099447942338947274677373919271510809899690153266540481515356160.000000
84,20.836215,28.571789,18.711340,8275576702515698187124020994382407069372106163805333815400815788729768439971840.000000
85,20.625874,28.120768,18.310381,73565923593346137345372955649842406094033867651269787838032755993205414798819328.000000
86,20.449413,27.717390,17.920341,654021379161017335808890756872897800392509296116832768986561987593991291253293056.000000
87,20.274210,27.332170,17.541754,5814919997160596853758771115582668423164041004089322106058644758562014669689585664.000000
88,20.100299,26.889120,17.170290,51704911044378306770772867744038665126300678186488971846733517609711943841103216640.000000
89,19.927708,26.564344,16.805868,459786058248558288058118235294469245723041973170672537296674375515023437115827421184.000000
90,19.756464,26.086429,16.448403,4088984328728917891638300544749195350289179522856407557645177587249294808447631491072.000000
91,19.586588,25.817140,16.102098,36367246982765667819206801572506098367684756849825279990103749814459123607226479017984.000000
92,19.418101,25.378820,15.763877,323474776121680037964234444037657949719165746887176660754294958765331817205424025763840.000000
93,19.251019,25.090338,15.432076,2877432271553143830881366114110634522091470457257540763602479808125279725740020578910208.000000
94,19.085356,24.704521,15.106611,25597890058906731467782593936244812873806723587045786324161328646994403772686870090088448.000000
95,18.921125,24.383663,14.787398,227738928434961739409328358390189375724228125950219391556779240215737495182471466326163456.000000
96,18.758335,24.046503,14.478735,2026301622758681305397912011001607260260933998350000833725162399414027876744722909098934272.000000
97,18.596995,23.696795,14.176180,18030355860118725681264621047457557761142385091207028988821902379047287046624327887128363008.000000
98,18.437109,23.404698,13.879407,160449201937264231085806541222132057276554421279950255052771618287552688675117978145626521600.000000
99,18.278683,23.029378,13.588335,1427918929083420226466461740430288404624317433829982173629760100020131434606352357097574760448.000000
100,18.121719,22.778989,13.303162,12712839713049691932014900898897020376617665848588566047842338321578720812565305547660881559552.000000
101,17.966219,22.405266,13.026919,113301683032071479641285536469502408016411999496974536009566393590186978833792501965736843935744.000000
102,17.821517,22.169214,12.755962,1009836364374665941066167525165446294719389203074654824574045747169668898765161059137898955145216.000000
103,17.689685,21.834884,12.490213,9000911473950543793631066376054786690505763121624233433884482880307167157249055116724221696278528.000000
104,17.558623,21.575176,12.229592,80231108022856571617070456960953724419161324247244458929611054227233107511705236890432602663550976.000000
105,17.428348,21.277603,11.974348,715187425263253762518995031138223867045784252587076513241050483792205965359993452786766262705324032.000000
106,17.298876,20.996649,11.726689,6375550443229940331127934858438441604015278374110544999085756046588525994328232528841915795888930816.000000
107,17.170221,20.733353,11.483794,56837659637589490531150811817920409672215530368731750894218052226786144955027728326832864296796422144.000000
108,17.042396,20.433382,11.245588,506728478493202120136713504558807478487677373574724678961564850687884452739783334421186167879074054144.000000
109,16.915413,20.202031,11.011995,4517883174270317352571553375466913579739812833062752902003608766710083811941250458782173371610337116160.000000
110,16.789282,19.885105,10.783052,40282384046862716044202969848378238209604928869965670158856451767746520574995388930691566558220673613824.000000
111,16.664012,19.683506,10.560836,359182973192847964845298034192771709994816062684355139805758381306361542965325463983671291629492483653632.000000
112,16.539612,19.391151,10.342913,3202850285470025457016879205515859845259807661243242888233465029164087205022310917172226459743119827009536.000000
113,16.416089,19.177628,10.129211,28561286673279639129214307101270814924838098499854484463269625209358073035158017374092125694135387880947712.000000
114,16.293448,18.913540,9.919661,254705918663901178093194983187523567777491133642858374828541239129292972467880673767092274399445210892337152.000000
115,16.171696,18.684223,9.714195,2271539776409865240190441210437968840427245951377639156715773941481468196484317928899045262512228227541368832.000000
116,16.050837,18.446649,9.514426,20259167443353994138814004531043163423275922378402684179718491636517208882403880460328670894176141486315274240.000000
117,15.930874,18.203104,9.318763,180693560338235398513418665409540165287947813517719383217654564857336672915168340190371065269050538545471553536.000000
118,15.811811,17.990386,9.126902,1611697311258648373297011391498095829624810931856895274507798479585282108676894342037161545383120537932183633920.000000
119,15.699472,17.734068,8.938778,14376193220767866667810933380510748447396165724162561085922853010600088187852254913840082101567119230999482859520.000000
120,15.595886,17.544638,8.754328,128240091949495204870423451644401948632442693482669099277721505054248647507140837339363753210387720971356737634304.000000
121,15.492816,17.287299,8.574425,1143992359290140029748047727854213451649219652179130835795245836557679977902701162272191684495468050531996443607040.000000
122,15.390272,17.109281,8.398636,10205674014924814292143852497270164214919087527133622025250374958540922368870287569772491266376520741593275867070464.000000
123,15.288263,16.874014,8.226271,91049885860804579153832735036701366161718684265141483149423745356105238117364825317847747685749266669279166838341632.000000
124,15.186799,16.684176,8.057271,812336827718743746318777706307172620973297893597350584999812162842939411745931721139455207204708861293774769536106496.000000
125,15.085886,16.469715,7.891578,7247893109414716598074930774853980251735052873421883492752749424913747104274246124918128399231269220591376294746259456.000000
126,14.985533,16.269174,7.729402,64670496136051777156752629412956967457047283583290430203873457679325036362944918175340866874392692319434695021026082816.000000
127,14.885746,16.074317,7.571381,577057720567592638254486392433278619429824339000399807454627335207243437003724549643324123142938226711198417860664754176.000000
128,14.786530,15.864116,7.416444,5149331397528392873040449014817524032275803119330722154130852124003425725545998131887831305197238953529013941682395152384.000000
129,14.687892,15.687720,7.264537,45963674319020217268439229156121083263500858547619022511733835567716677177832793843273283320740397221793951043120946741248.000000
130,14.589837,15.468838,7.115607,410554294020220461835443554043275606686138918712735368988547673217997022846615763247696868397219227246504588406040075173888.000000
131,14.492368,15.309817,6.969599,3667235060856758079281139431826975896883638101818696087388695908476415161466485308457590881834545200214685030380205544308736.000000
132,14.395491,15.099645,6.827175,32758136581623817664740562645857128107004888285583027680466416334609404805496519891229145120962388311136371894663830160015360.000000
133,14.299208,14.940492,6.687835,292625333135819640062886026043591534536897808721035823005645932647737910982581579964544826227517852694948541146755265871216640.000000
134,14.203522,14.746852,6.551224,2614068345007686127235550602477736788596583735316126110646662667355424815509680448457822361939239044758780236110106730961043456.000000
135,14.108437,14.579620,6.417293,23352545716551593915615151338723936686044614675466984786105745129090165010268395993094930599918961651163898109837029155666919424.000000
136,14.014502,14.401626,6.285993,208623769019235298455079950024595874613601286737099934396858315044148786700225942345961147201226666095502355676424955007676186624.000000
137,13.930041,14.227074,6.157336,1863826965045593567976702168392816280310306404260605959986425302998850945953938218302820954751720492100416279109256816954647248896.000000
138,13.845954,14.063878,6.031969,16651740041541613425763632396159685469037333299416199920502534461609213624848092372755981916335989971770917957498221197949120020480.000000
139,13.762247,13.882717,5.909059,148773595870588120975825669614508162653365425040686730537052532220523490416431811848046980731099793096182818111248436956980112785408.000000
140,13.678926,13.733513,5.788564,1329242685574295128638046600501042319822130207088193722674144835100299469806689405008775498668933436758707982737423679131853996949504.000000
141,13.595996,13.546412,5.670438,11876674451197499895424536987619430695251146662892563017321211139027939708535025578728761392179348290986410393590281908334730514792448.000000
142,13.513462,13.410430,5.554638,106120075314965534197563307813453234115730467859137547424652044091774612451407058827184076821088581287161221401104073687777221204246528.000000
143,13.431329,13.235564,5.441327,948227046983774719314873535009612697382888763061396344764225453050610917737324303955554776863338297061868174364698170914399740904865792.000000
144,13.349601,13.094522,5.330702,8473038622764573450842857764504758661172631118085323769355637735470802115973930667890556041257988134842604650172117756834678612934262784.000000
145,13.268282,12.932276,5.222252,75714324998905753606432367877020661064376716074208428057971323779298347350864282575531188875803060089708868676790125746229301226036527104.000000
146,13.187376,12.785682,5.115936,676595192110620385920586898044430075441132303502787572019642660707524097750074865238779003027942053487828848304570299402455617965419134976.000000
147,13.106886,12.635417,5.011715,6046328007751404487275209707535552476330022540752969721395798025550074899660936545501936990041596300286253423798464979966778635665822187520.000000
148,13.026816,12.483797,4.909549,54033910866016968579992508448515115023658766343576533791042951598424752827105427733570686013911583520932767138923118038771202586059552587776.000000
149,12.947168,12.344904,4.809624,482895279278221608705099487263602075682489505959675895838310298399861593733599894772340406034899508288977282090979504984383854912596734902272.000000
150,12.867944,12.188750,4.711981,4315700842604729432020301358925624995510054355139077185617018349853135057338477609254676243491496806371777055448232050875894147180127504564224.000000
151,12.789148,12.060647,4.616262,38571051122363066665345167140433513989165520830755494447457643460378491523147465696929540880269212670245954742446010069845404225101602695938048.000000
152,12.710781,11.902713,4.522429,344733380521265367087599092060945476598697217401767836212292277893195321492023523018803522550665801621504510904991878544210251246480488107343872.000000
153,12.632845,11.782553,4.430448,3081178623028580778633131202219014647910839152993890068855546181073906196647373774498297771710634076789266047182716625615323148728825250364522496.000000
154,12.557958,11.634893,4.340284,27539879700898028833938959691325024847891347262352186943945389611557151791517281237093075106539127937440683962688677903422883472421301775228731392.000000
155,12.487442,11.510529,4.252067,246160732872481168832349567606120955212798911413782970120838246336067043927490457351943161340340848477853052965361840330311306939197272483281502208.000000
156,12.417219,11.372657,4.165861,2200326033099013095662923272424558198011205328120170831721876509314490393362719731902337197491984054325105115326619140078571729208034975272648310784.000000
157,12.347291,11.244477,4.081356,19668297539634539017030661722991786925115223019689231515202090593254980405686944266423233271330292983271991737785898280555396721624051483901685661696.000000
158,12.277663,11.115928,3.998519,175815808029365509394364949965333388974941961225626075264797743072609617101850605707096307251231890011480921157419842479780349704444205730567068581888.000000
159,12.208338,10.984300,3.917318,1571666649999232106012672269216664340744511841335982618773456289845411791604443130537547501854002597988196555123235401284734035305583641559848024276992.000000
160,12.139318,10.864626,3.837723,14049933408761923802322812667674988719392638401711909163258103687655068506978701540316324612387997487480398086254254351176578795751330154640646839730176.000000
161,12.070606,10.729897,3.759772,125602808560180048966801805928227738503990039610425387443001773560155404781548580764738184280740236576025364496295666134124387337839462357615695798206464.000000
162,12.002206,10.618670,3.683646,1123406771835869934123225181881696118847178099569062959523934991427084953381777633591876582397264069495636231299531449022362575780156502157933454882242560.000000
163,11.934119,10.484441,3.609023,10049885877160028542675782050545516052204487728471500993705870802277612767162902460930417597020296152544814314473137574428194292691534320648172213555429376.000000
164,11.866348,10.377976,3.535875,89906888644264593422832329300521583406633056200230232932592210982454270886789042602333007871848863955092725359014995946961092037799372145160098679772676096.000000
165,11.798894,10.251809,3.464173,804326831515327476860833786405673774976859313718262700048845120743201578561431566886083919073718991245709290917776070157193393830326822083931888187172978688.000000
166,11.731761,10.142461,3.393891,7195813454385041484962317201644978412789773036457312991811816702087908235712925781424854724978653579853543348652476593174096347673697695618695682312133148672.000000
167,11.664949,10.023995,3.325000,64377630422334197227037132560162920173199358310870544741363259775168757254259198040126046274349860395481521779862138708573489376875864129459577773609336176640.000000
168,11.598461,9.912038,3.257722,575967302017428570220955153382288182264949604697890438290553016577641390348248637399510866185582838972159880328536211693473847015477334454188847019520627310592.000000
169,11.532298,9.800927,3.191812,5153098191958206950634098502561862843639705831502461882091634930874773942385551403826024465839935894599076052885859460079857506557997675614572529423360288882688.000000
170,11.466461,9.686621,3.127205,46104864495051899526805222655227421480648530190685023632886344803063308111565132880448032112908251860498513119760529582995145467580273549822036480404457053487104.000000
171,11.400951,9.582532,3.063877,412508421237961817332232380937530936404937565978814039277745670125764387516910760885509027778229887580636766036727060544836273616415403962184761682066668393594880.000000
172,11.337879,9.466125,3.001803,3690851890852793603380468551267038333848229360915067948383330156473451427631475986106316098160509447019389852953891310655565122632211098717296323471143802981318656.000000
173,11.277725,9.368736,2.940959,33023883089453757801229758832611182007046080960382084500910110200765300756135689236083104365434331996841667612757872366670589159537679711041246004535618416114925568.000000
174,11.217808,9.253509,2.881412,295486313679686868146178989029321881880100589111450119249995145894660456313416549247298529508939605917682134882470692617143644113413326306488056433281868127092604928.000000
175,11.158133,9.159465,2.823186,2643956482661582355887715877706466942782634040189717096091208540098052238882949396076831265436981716829255376467816621973510339888323436834822043479444300123066073088.000000
176,11.098701,9.050645,2.766112,23658048850557316183953228717803081346757461502623142109318037607289238250984963307036533045919055443507981176669124097285436203042718616454827648104292602755659333632.000000
177,11.039513,8.954642,2.710168,211695302621867006020414630428889508083823180652140510409055725149159187700724798176229770902650234874345202981818304445626358207244333876030328750858186840287028969472.000000
178,10.980572,8.851959,2.655332,1894310560121704602231902130601179913971445524847350333237921836671534739898001974063837222573068222505085863221473287320316792721315169339452773908372589573603644669952.000000
179,10.921879,8.754194,2.601584,16951135126711522378313826250487474270836005184520327847538982052869561541333905137299483907942570929656984893295750661930285875050184882523181547759946232147743741050880.000000
180,10.863436,8.657385,2.548903,151688976932217210060748353544195092317459717876132012742071587002836603926626590728343839886393960249180950939527059491604740246154580702801752322818154712781775995666432.000000
181,10.805245,8.558044,2.497408,1357428216773883847579936773755290045831211611752892917866830373927268706792926254312910437716841353405256003843209286110899748422854819412178284206328928362306993689460736.000000
182,10.747306,8.466857,2.446979,12147511514043768977371462185323248216007188616310102168952367652217695972815748939511964580116148265811811779570277163344816995907577087818530355800445454667530585216385024.000000
183,10.689622,8.366116,2.397549,108708960820742069284194799330719406192207645722895184898674033123817875008627750400211023099429184592674022740683681035258005444132913932903990850456232453055048546223390720.000000
184,10.632193,8.280307,2.349100,972861300730209052299060541360166909885082240443221467629028725645634078173436737105241119235525084586253258897377930280992457309720377845983890546534656423386846049878409216.000000
185,10.575021,8.180595,2.301611,8706508953473032175444537700833542915653926130989552947949358613026360630401283647652276367652015257973825126268074328146832827147942541705026712918103334922741216749878771712.000000
186,10.518106,8.097670,2.255064,77919237255475639668863657312223773244940674536361306026582282479495425327450801758918492926903995401218058586854409658963456259021188341874236322778020576443753538484176945152.000000
187,10.461450,8.003109,2.209442,697353254200780175798421178801303704634795688232172277618334533231079851797897443890986276726695098985245013143633512091673508968977237614650738344229600414229272002299047182336.000000
188,10.405053,7.918878,2.164871,6241204990164604674207425035575553440128751847807244626461804849862163649291875686502412276757599050050166849224689201112906343337417172767656282241168331425712850734572889964544.000000
189,10.348917,7.829262,2.121190,55858788976787209224469227333977257325647193595599926657301211205214855009848270721968188800475285414771704415922302941477758247007127709007055973475929723280303369783588941725696.000000
190,10.293782,7.743865,2.078375,499944754084030848112762100155345837540397381196960610639952604372714825186101227311289100743218677850256942442453172168771098475604838630879625951005385153768853289511169738932224.000000
191,10.241613,7.658992,2.036410,4474658777597938546635293760656055515881300938549443088582289211340280292869814136917879487815272058689971134677865508855020840676882259759867243602576862887064744903406821956386816.000000
192,10.189645,7.572564,1.995277,40050248430035637538414129133957822111428687399264706964382112572075256727922442812987402882315945732251149390756811521100380085666405579097299512993452323627655375192084493033799680.000000
193,10.137879,7.492240,1.954961,358474167853164907930620377955833404636719812564082819811433681500235316544226450597494648684819196088714016358948576180525955579330735561532732901418524319844115575070909863357841408.000000
194,10.086317,7.404908,1.915447,3208616786326128489837686421116262789929699337231361266412889952227888349638396896490637925264087618440426972639854368498036025769310402271401111390664105166336036278443317379953852416.000000
195,10.034960,7.328947,1.876840,28720047063356855023876711840485975031644407213890545212102460209433021039677082439793010231688751017096393467247818535933764537405029944250255995769219616344952403074682436380327411712.000000
196,9.983809,7.242103,1.838999,257074930986380186094204626445495835944041717017166618568765652724313493268879492528972859750609419057156059041271362313452711512099360320157899564646284072501134189783747598085131337728.000000
197,9.932865,7.169053,1.801909,2301132188489385771518113183178368649218032251205355161361290573215936850125526284524922388597595690157255544294845629882371427667527899505767881686779868185766851062378287038240477151232.000000
198,9.882130,7.086394,1.765554,20603511511144972791377381829931286660838381303162018347332513606725836595422048876556006328219110002755479125859664375668025281506895004500542176289821012317255628638151261368156659122176.000000
199,9.831602,7.012498,1.729922,184519921256573099016131460330296421405472126142142762892826331809157229447424448647581880085534962612008122904688780206809640304468754795569187082266259758164222017786390947621052457418752.000000
200,9.781285,6.933863,1.694998,1652534039365184741629943031183390392067502063814000198674612302935419268155582109745660043661614504985845470265704162197879594378355997684274157953405966890523747030860565221320700266020864.000000
201,9.731178,6.859224,1.660769,14800033829706201419702471787130809643191733998380305214595485498112524730847096087732581596737206644805135162883759807420916407710283786674258751436139701953989888614792423317199507588907008.000000
202,9.681283,6.784456,1.627307,132550126182073918097272583745150005501207325901166672023003315408147602077709993915530914398685978611541022831699554369467433893685104207246098220784192707715559369808182512800998166336897024.000000
203,9.631600,6.709172,1.594521,1187142157618588612587901794544934534187010775775997757368152202674970537383503604562773065636459172331605449573725259142420237425965071718920907226944512877156149901953067446133177250612248576.000000
204,9.582129,6.638121,1.562386,10632379173797528550355435364755298465785780179363317338649705639817158323956151976865240403550150966903555422532811823492744724530276278879537861044139588082821044210377976417289952890688897024.000000
205,9.532871,6.562283,1.530889,95227707732402894283780563850822811350559220458129560382364140154357005523882962122103708246819421593904914361203431418726975938614130312278222606311310987940348029585030993909804856984788271104.000000
206,9.483827,6.494803,1.500018,852906354499216971765104178253129964916719502252461788436829040612786202735445207498208163921019052583277118700089507450373111378409784536043794757330909810196013144304585390492774847193219596288.000000
207,9.434998,6.418774,1.469761,7639140787043675719826324009306833791577979767896444224412230525726579349369228510572623816544578026017271378393054372016607451982793323204193338689669588949572162871251628708602777538418742132736.000000
208,9.386383,6.354450,1.440105,68421536115628413487631343096746176535175476944424429272631502446958581520262941216036561729967086283096624394945815109571426862295329048583808581737584940402197502341006907657959870797702164905984.000000
209,9.339781,6.281851,1.411087,612838817711678084749282592501979486525579880315357386894903965438381885113040586237568894756273943949449727811441691266967526361950024553286093120654005332357549171426279376990476773847347520077824.000000
210,9.294129,6.217009,1.382677,5489146835816390654403606471878094094891172049340834866728373802220441237634006644299016935686021856370099109602406641307713930055904831194002223708029115044772141934240021851895444328801045825191936.000000
211,9.248651,6.147714,1.354832,49166417359080111473971166851770240705197451573915406897424016849505406636716922844384301463960506431290359132849181419208710089213738033438037676347438107570591027006466952581937559420475064895668224.000000
212,9.203349,6.082427,1.327541,440389957351786369351320702450526264100160676333019828400505438321505335214671372018902995886961337012369312761590312965344034434531904571819944223883003495085037149467290227774075572203174066909085696.000000
213,9.158222,6.016313,1.300791,3944676324350454750924416625865887430500697258172514009088871974566278700444932148043880763694265283089278799610127828371138405402833670839046234587733376666765673344106188963063296723814342371462610944.000000
214,9.113272,5.950653,1.274574,35333809088408577061892880950627326936732663203742892628680576390296553678640754989558682377553559028196940271033059390078539164015939629234756964642468738975742923782087034172788072419202275008663519232.000000
215,9.068500,5.887603,1.248878,316500685407553512246624506769680168015675646076340479100411061282559355597253688585468688956867074509525292968165409417436167861786088586244546898577620068919911061369282854125275414094727489685727215616.000000
216,9.023905,5.821635,1.223702,2835071114080402062774163049026948642275087299672908136972121854854332962495325632265745941845205116008675534448480565411542828607412653903321205534046946163482919543234735374009259522228104581051043545088.000000
217,8.979488,5.761533,1.199082,25395592980397062308893139711590234096894041841879864146967610731939330641820212489295078081943106416702993431731981479674274509372515487178695134979493012008862876193580262845476382213777070269856185581568.000000
218,8.935250,5.695322,1.174952,227487663473886410886726106738271601142202984430920283352253047452157170765048039950796792497187645105801087322592221870319804582610152869629604891715134896034432361006864795532968583692029731966289650384896.000000
219,8.891191,5.638058,1.151301,2037804071988872320653139809028800057771833251544939052116526170594714077989212650383436599028108606917188337636779072573249513954266557866623582697432066272514927367093635344709210295099703380071431998013440.000000
220,8.847312,5.574053,1.128121,18254589728573322622889174971419485530204032299115330702335073183753126788724839272947919282346559112985208307496312245763867971581905457446417873292179439239611332801527948607798288300479052961194848592855040.000000
221,8.803612,5.517130,1.105401,163525992697855768012221082657191028915772065352086944542188230796523584958757361698464509174507476439794032801316748317019688612174150910837474453562961065068504957091660936578240320440853530507181082711949312.000000
222,8.760094,5.455860,1.083134,1464895245737908469436195117352871220954119221650237422240488982397249879267471130287568033447381148530390231130411459958018350812499987975154701631599228055174934637966618165023538054035167349678219634856165376.000000
223,8.716755,5.398703,1.061309,13122947553456370766687426590946628938259223529093209189245538767835724579289349689297142428487596481279880207534989403084428029300411063074451870050102549879599600723974272439760884900399686691274188882744180736.000000
224,8.673598,5.340071,1.039946,117560454229004816508686684146969804677656213463449324848589299242543708192106762177860597627324595184604586558256749536928115698736080359386311319596112673457274751618996291895678773715906482625082503504955703296.000000
225,8.630622,5.282731,1.019032,1053164341886967844268012078265724410740486036989374982421767182161979533894845446182716276981445120661753267773571574841175767990948270366771267032658082193239661591115090996233362969035665005722828054822771490816.000000
226,8.587827,5.226643,0.998535,9434872930684395515105475036513612929081900675506795498471578240316283955437212435696100251986323729026927317693085715635161049083920318810507993361249387314913593696892041561441897756497438545830173374951165263872.000000
227,8.545214,5.169168,0.978445,84524181157726305001059557102738778906016132980558250605720434993336768804652970310609015372393584155153997648577586724094161403438856947275310881125376864799996297930160902985687058292823044325493986298525372121088.000000
228,8.504509,5.115533,0.958755,757235359712767296151225948563644697861993026417889047526019016727145235606674409015272128733233645121242832325300665997794922467005796342180708724953268177138018008249600460793758662497028652296873541884612393828352.000000
229,8.464155,5.057971,0.939456,6783999140266572688104153226501994883262158037114217984879952192447429935972019079436359204259435862806871310572762589083930275912071977640285959467647378226992086975168640754175034143897420189148335684123996784164864.000000
230,8.423955,5.006700,0.920542,60777895318205054027343991700645665235515042795309607016960767922575655347956707467065667981759422459951967954194112271656355380431983469108616181105138371001874705240588338731725325099385801602877779291714862559789056.000000
231,8.383909,4.950102,0.902004,544515806819927205583756596701866405638584910520665696018607627838462371600263635643237143988938788632980168295274987178044361817184007122790649151385073067823890708908662224368702759599202206028256982769692569954680832.000000
232,8.344017,4.900102,0.883864,4878432229543369788374019951606879813675145883090413528085185224376624911644859639075479901954993200070186538480946405770939768536134245137832755540636514914105884784710896786110300523057286498790217286751008402035441664.000000
233,8.304280,4.845784,0.866098,43707402634590309062508977531433959209597161912636799117218086724805683503721432049472565804105269867937549722758722206322561079956664731897835704463931709669044132112051671947707944074495034398035797471856061270999433216.000000
234,8.264698,4.795697,0.848685,391592753665991825155879751048881505071958759888864431837526515882786296975790350153022028689233644206790462416476491275692902108249900460597140332013215720819286855236446036513847028908016699487049954831467037484377964544.000000
235,8.225271,4.743581,0.831618,3508481632256389212242686891358693879998124417191519180250264896593775431892369619556571321133820381546075939527649573841672810187122455320929808842630600330526658708653920189341297997771185465249772401931720896401222139904.000000
236,8.185999,4.693444,0.814891,31434652775096257390250295618465413331867010676036878649363428716091275885549115341373043431552030736894589346233937810362782812597479634040651453958207221371186002907654234707827751397025912399860353637653982529444365991936.000000
237,8.146883,4.643457,0.798497,281645628271936031941484965589429018244591836116062312698430110641702423679737084154145539496839287820833222395636270334614382292113899223853418046790820718934968931491521022364384889183269673402043065990338851044637433397248.000000
238,8.107923,4.593305,0.782429,2524162452758822641539367925518284130895710135410942688080345906199512315432136659021038668749223829415826587500293280968318729989265924678368298897350732358829726289438760731421688304698737139190583283380127343766067126206464.000000
239,8.069120,4.545372,0.766681,22624444915026282764411761672000348735526569026476890251033776086263829741446717200742586639111776560369250452057137060076647279670369812914717487363457577326350447189703215173291066808558011120184368973731318603676254719705088.000000
240,8.030472,4.495238,0.751271,202787934966427739601219822517230346544361314897728146555269890135617500128048300122845463946337977363585853281779103938950298408950895280996365909827014767441224774607157849557796198645679187252361317065063654176971048680947712.000000
241,7.991980,4.449289,0.736177,1817648258113978577780192681096695356790099963778402820454568103227257001307833486136168100251317076888725920108739014515285003425569362312268323190740517961825283845038191404254347760125324180668465078136648725567855669173813248.000000
242,7.953645,4.399206,0.721383,16292252422435520231186445107796264750866948741295548332125053363248943214536181687291128276988029488263345212431767220077305529848139058581514849367730185495379218012159485342589483541688202499027411954901800825186700436915093504.000000
243,7.915467,4.355171,0.706884,146034669083936802256111430753937534228093101624722675303635672166271837269395600183646238689534666263925102221782602382491346154760990288705826477371414841975096382563306112995245605855411023102452953402561497014634501863427276800.000000
244,7.877445,4.306915,0.692673,1308984089519443714597702472765705684297326377547571915165420517332236508228644083640791221624592951366895596246745232960199615547204300329636538576886378020547231138021757151433505802828092882019376990074973906024802734021613191168.000000
245,7.839580,4.262981,0.678744,11733195894776587477822712290042687818569963717236741052703176502642751350882108977702683391376509499019236190829215471142138975923226798350171020697402950346260186366397989057987017844739063228237459908852413107812554251489920417792.000000
246,7.801872,4.216576,0.665094,105172411655169280700078436398060193462667471559220346923087975807236180569786734025490569953183219762191154419328707791765318044502148604745812705769020463806770927905032599049233876640492722677878444652242098196990513152944137830400.000000
247,7.765471,4.172684,0.651715,942737756335824592502285963268798045854075403421421604588765431492513509482574728207887897622777405184977303229863498826529858438356632251369289041847932530540097271051354438520546005090996154772545595513623382510244941903283938656256.000000
248,7.729517,4.128070,0.638618,8450521785668951024509335965516401422206264570173154811912605009259803812649478029936997343662949733269055628727378772787862453315212209233861185356837685512035540097814126730161852763512253219175177876728904165918465379063190423339008.000000
249,7.693699,4.084244,0.625793,75749488865470493051936619337119512337924649435608723842226653465816737081587497380578668513690641836766131864283350281511216207100559700853781465974142290687021471779257066765126779442133266048587827310571155928652537184809359090122752.000000
250,7.658018,4.041361,0.613223,679015116305079173662478363520937920948025053771413616486603551789246727380309336458334467285876897738458183972749322306430964707716483115805917399648576952951379669868233352474903996680621684067800325980977638713660913752423226878722048.000000
251,7.622475,3.997625,0.600904,6086711709622203530308279325260249590346058808162312078286297602677850007860697967835513537212158106977828763370988599632905342067263740033894714866650584840069369867268891968710006468436121366360254193922991641524071143204406893366738944.000000
252,7.587068,3.956416,0.588830,54561911151608606572197251415849706786311028114270264551246979458466249207813531779190650006553671952337214990251485670415125341713828206503652133259554450095545704581127610279087060721859981824451645888738698905835372448944489459464798208.000000
253,7.551798,3.912794,0.576996,489102593594906072675306239628236039724738200167143079386762292114154920213340444748534235937003748152286861122642170893564799538811518706592458816443006769583487475006742645156755879253109970664366724440444859403081266267035738634119544832.000000
254,7.516666,3.873203,0.565398,4384437719847245267096711180786045620396004924768906082780112637559996234947924826527621592145817265522310773959615950181833773633770106838599588417056729717728657314200645197587521769794533961354127684523806487575602516117735111116120391680.000000
255,7.481671,3.830261,0.554031,39303514845910877703915158513979093502812546707623288341585558290342280891722267259830406777200838011574571708347570439931359902080168585060635880515305294279696535759095689448479764091798450681052423500959176147591458752173058870367412551680.000000
256,7.446813,3.791689,0.542895,352332266717112912916363045463026001113301833025467057047725547805728594984510942856776123483740875397481920804659413576842714829701477761781387699982652452958597602678123210321701598081704904024093235295663878074632950729232098646631179616256.000000
257,7.412093,3.750311,0.531997,3158471663543413829724605750021778139928995666922446347665109103795890721458431530799818411550432518763888084787268505529868995102071514666557789225222841312514563687551064712773064837777933249426776246969806061043980921559305716000019298910208.000000
258,7.377510,3.711841,0.521317,28314251695424779964842017449447753410428686029150531138346735123404634706153156966357099965171758982887465693289175515359225299356764176619521129035431331473758985336950096720750416014865965322541369554169558132863389236633546728190877919870976.000000
259,7.343065,3.671979,0.510849,253826361595481563699504436398094638349146741120751851982664374449287135157582226193874406362390441786977682719185847708498445828822035699759725329609072271746301484378212619237039899336448110768659738689261886791431316797861484161399190517186560.000000
260,7.308757,3.633629,0.500589,2275474064254561955798672718125526875320352941786995958826087849643368552816670327205815095845359890359194968191122433202599683379776826421130521793175523815220442852205910537492696210099826150966943816550107106969235975984777590233778189475250176.000000
261,7.274587,3.595234,0.490534,20399079953930157377230089830221717830423262735313455287233078442777537773469318259086829950493691203058926204382356863907192780838518891301033555564663079690506233128891209916407689649712549269958835670871703420006697786692899626176327271493664768.000000
262,7.240554,3.557021,0.480679,182874348306685483327603847528770152777298058773177613060750220105916022190262917179373813639746221242846550191492704595811204665817579900920783060772549648249972963507832028287682803882208587882059146031114619595222057363650442389780954677646458880.000000
263,7.206659,3.520047,0.471020,1639451295780130847661486257565059100823008489663265615365436666224624796934014786148878064186019692688786122404334999573949924564331722880813419045775932598593837711570124437355788287328016695213431026733650965071318194759357069412853305358006878208.000000
264,7.172901,3.481987,0.461554,14697645194020807666606334104468670540367929491079156981874339990682637167139524178506207705033978924339268548446356897297509157924059419284044474489199700915907578917296467660516832450325297657552755054367124862347226382336121686265182672295167000576.000000
265,7.139280,3.446387,0.452289,131765133437925497361111275388636731782410504229471948748994461655659851525116623266132051097605125584440436615493806711397959566736715856400879641388878502777555902993242690575029409437880163307782706538002792063158099170549417664038160456810357587968.000000
266,7.106194,3.408497,0.443213,1181290619799751835215127259433302486187376248353422708536139085978720312122737162087769260300202662641736233187713653221839028759040249559534775420742207463656614811076887254265559166102840648649985318015360774140871822588058487102823773181152180830208.000000
267,7.073957,3.374227,0.434317,10590500905892336084343448327440699238801572464247803384991432843162708068114663225252192515817409650928322031252093335512678247122304822070831771800604109242740929777101250625410284666673010887765264607673449451387339925650540447607666566217107821821952.000000
268,7.041842,3.337293,0.425599,94946670465479707055126060953476546645577503855209231140348625650029754848976841940205662684431288036696668087429956791094550072120008832490509364683575790899074821332647899007878948727435774275902727350211867618721688604578607002872789060794252452167680.000000
269,7.009849,3.303538,0.417054,851229104152722619127902978863970454302376406384644071207633875080729242346148987649224210733608034103592497452265588160128607651563807139618579183943449474166010896296251949019027721051537920760701111042081208261969331216110831149579531517038238996889600.000000
270,6.977979,3.267893,0.408680,7631618795701947304999162638856910683822970654373235145723457835903777875910957403691388445756989159173576575958935167308642338748698742691575002926536568667340940246044321147334567591455245263518275172335044288332270628517162731214540057370632590370799616.000000
271,6.946232,3.234291,0.400472,68421146727546725157099589322164418543086555859560250098388047194418916038229823903551471407020043688362878351665718309900985170775209479074720155916995926063630932706079389917414766110454146575010737516509534697144260017182036608745834494416277740170772480.000000
272,6.914608,3.199896,0.392428,613433510870963942590907336401337943769969267141754857175325946433462095520471661278885886427529803910805245615617419541111501219101848810925587002816102169099536979451587871421013355874618434994511071555265589307369743097620800674120510462885688536886935552.000000
273,6.883106,3.166460,0.384545,5499815343171683977482996671630969428607897672073893714681695681467139186735198851962392350130610684607367044651779317941005966927221759074338981667412874004347493423346544105609932631841275169679302520896574743170070442309918029224516276964493158662814040064.000000
274,6.851726,3.133276,0.376832,49309679059481835747693007799578481875622719588198977814389699910272580546195407023778887494024847362995077761256907599536659896609958961171079537117256273199379187702231406197767792182060547366052946820955486182185623746780472075313382048883031780684562694144.000000
275,6.820469,3.100017,0.369272,442099163829695693095486647992115599616037912941210595195680579740504020206011287565359576649468184489370712609082272399219257277426750926215858050391844705894729980587218997833545674724969200249444073535680635457405570432002095403625917381648892406823431176192.000000
276,6.789335,3.068006,0.361863,3963790154890822281208884653651032276214317979789219557075553809376459890121252485856756575833984951648482502606320717249763274385068418806212686130172495034477986317194411633194759373154114132478297454709322170188128184111372703126168185702442441963015682129920.000000
277,6.758323,3.034935,0.354602,35538987662491024019340020135092036841907191790275450757260992791013871582328532210556432315976173471256337626825067864936577914535420558836947302052575456031340489725661139790906797366845261751543514048908079730733734508742885215240746135332670032769935717957632.000000
278,6.727433,3.004061,0.347485,318641898322943511473685666205193591176864161860546497918950367389091050764752760013595574109956718396653818319462471460403203902487821135370546745489933082582208638699726962026730875889412390386897916768882108518895594773169846792827080084157955528007916034457600.000000
279,6.696665,2.971189,0.340510,2856959816429092788742900028976409904188934014677357143869718120721715062310396622690121524740350768462109071233106175474591087987978492883900971911501042042344098832797414117903687996111335454102414897388395406412377120984047243486860099780505067720882118987874304.000000
280,6.666020,2.941416,0.333674,25615851651148731172506911292883198812830273359051567561406479008722404485488796978585961673595241854897646122735154883457042333779633506333045704165194163231914190138778294168548101592044521194682272507178361122255879064564487873117918069773226254184060978970230784.000000
281,6.635496,2.909523,0.326974,229696744525132349039816844467054699719761379113247289043333376298666153804402368094827686530850141968844115912057974670767654872360238155552517917410276991386114425405972287172785574918246411697658740647376103255437916999356075831556173105381918163490703205073944576.000000
282,6.605095,2.880046,0.320409,2060102080606571180848367560993078391475751265318813134522061126970703298777670400431838845903538177524959118719227038154170631948887851846136978220594906757667876254049786401227649004400105125083600443277336201847315972933360186454077450482797367527780543161562038272.000000
283,6.574815,2.849222,0.313985,18476732666672539541683070919638005215336958714671624656330344551019542685270648617304201194735624975129104263846558857519377956704636264487711412280206592206624942931076752930056702475837371404745036074978001834128551323922733465361151148068740920190286183204430807040.000000
284,6.544657,2.819927,0.307688,165715886735984774561294347655530135681967282936492412711754427577903919212262613791462276840715795825156899019133418054046352889586476495414533749682986113203980749489655919419779026575207418109123516429407393334557678176188722757115061408521508768611544188659970342912.000000
285,6.514621,2.790139,0.301517,1486297172879033494435465018217618899673278452888773055030362703086045096981749549044670733886472496434473151166349906838528357711595352876584581977089573223495385089726761172967661388842835654117335346833168163098817096335265884255149289977119069877466457069909157347328.000000
286,6.485200,2.761033,0.295468,13330599976861091789461400958966917469989574692444049415079283149722413718908215973745833792598438970572264492445357575908947783568313378731588334359128298944748231915759131435001590673698103975064046006559173786714012431500597118898833386527821183198950799554645577433088.000000
287,6.456258,2.732252,0.289540,119562855861708828498881560087833545414486462996088273569453060278733082418367676873082930438710713026335934666621956702768020939367736614068617578036393514456482181296335312194817530803812909882976062976179863805422929048034528296170803501045047095125496571559135424806912.000000
288,6.427427,2.703343,0.283730,1072371845686094100380727319573853449093278527842246227815757779629486368008808174383244634620431509225997414870752504567425231178219946930407608465179686747949675805871290596926653731580164447718613858243530112002726147759122188382082701812032618587048346314837860850597888.000000
289,6.398707,2.675537,0.278036,9618272278940716889791612944838239007426102848168363522869080410279264002993681727292597980958259856845026377298887273560123939111447239638322356456599163727763230983272872090966571160558536819185170034938495990608623549727744749631734979092172919526004187874664371508477952.000000
290,6.370097,2.646832,0.272456,86268306300212512411216857477825031991777618220925502073996671581815525279023849454165580176562058138849609836684531576131448208141216745545211970859942693026892055027117188415847683900599183481366477951419020835700203972479793185292405562654668934217034968512676264186740736.000000
291,6.341598,2.619972,0.266987,773763104121196124778167586152703162199287446381743276789379453778174161615123265468705532167492466224383177474594848165551962332791171750669829847456459368677884935558600668240425048344479572625893199289121982424385817105983266514136662365093805763567230430013187072219676672.000000
292,6.313208,2.591477,0.261635,6940125173905931137703830617305050876146146432558504890823347993876406235579593711801721985196354415384727277044076146015837483350624285267036556875823260783943100658531846098888114972351844797049053620356695467872031355666667532882254375640725880193670731751641852080235216896.000000
293,6.284929,2.565535,0.256390,62248534422283362456842019916701077596375880158823760745286152596793255673670609097982191100481072620056684896714927106839452775936095271309505129767199586369179201992907581849698399889742744124411472826413280466282119218141272597282846760205448829094004306268283469987745628160.000000
294,6.256760,2.537903,0.251250,558333258810644599709134260102156645595491724247109267835767341995117980135770848391473682477314042236384009573554809548715672480724905942569181929631515090225918170399580671262067591755209927529255768807097830238803519913610451642731134466101639769121387930381893415701487550464.000000
295,6.228701,2.512204,0.246211,5007954870293585070244899505999738736667046204886403091495029307977024230504747732727446249981139116242760306124215352436175686455057155785611976499909493615546785013092006533826750078483833116603477735260276739737603549572538042459423179845899601890688992005917811400618121625600.000000
296,6.200752,2.485464,0.241273,44918976670858114369478786159760450992958044995034249865753607069543976100092700855602133771415933075380918260575256420272733810568013281196564884040390619553489302349527451512758722490714929146516168482011160775021123866176765584888887094777812609302497411600054995805929530720256.000000
297,6.172912,2.459959,0.236434,402904241656151356481314230113693357454234952102914647381362841907222957346481883666317985833094251590571133468328604779294990547416965696794294365114518682197027583106422851297276920716415785726171274386593634497088994932009223303473841420900644050004993696935179686115627746983936.000000
298,6.145182,2.434084,0.231691,3613901929431253160726151951893339997399735120007162791490077882934069937843002824683138157436232470322472877151510557262301450677796168782782479116525589751158129488884272338513441187026066392954290177313487792677390346747941657579293761131314287474559305719030757608899251263242240.000000
299,6.117561,2.408777,0.227042,32415552093361391842836238896876961304821311554461829730189805025192060730507433129475274554663387596325203496817350216906421323776708138597937081234406048780457532385435857624660455171146470120788773602933441185750922762062349841717948283284017312596320472809568722783447073628880896.000000
300,6.090050,2.383743,0.222486,290758900486790102572077523612776235092477154279696681826927162497973873213333344077230774249335663014124860015573327661433264653001117412312952052369582488914763565711906253032801435808514904533576667954616610744086346196677268445086005432067192254256416577185386505138606329298944000.000000
301,6.062648,2.358638,0.218027,2608045397770179372783022237174286948844910853307627552508781241885959566462221215173577393500082526732599992713441902271306836549331232820539605665928397604472500299830007197516642180678871523129577532139973674602176581422082613813667494377273292338283505639492650927215568114449121280.000000
302,6.035354,2.334420,0.213657,23393748036748122311995759064250987265630890215194710025806287980417638335067767618300996322381741439699398177521586281753994650618697831294963121475032304287003505404952060786433944446700768208032159483186505579165280393097834137010175882867377628516131598917427925450446419486054547456.000000
303,6.008170,2.309522,0.209375,209839382618703869765779737868126231015157099266840762085010551793426486743961077777355254834772100463147252299105528254072849980103423821569851247808119482152462204847370679948926141134246496117091587963263381426635972110771877915942091521539143840755140481146169616851391564974382907392.000000
304,5.981094,2.286097,0.205178,1882247462928493809816522724081344535250552321375311917321084418376861661903174604349752993308478799394839483183015936977735222237745670029608980893242114050962958991479334300027268117144753200512463166162729951841029165320457548411635126544625489124122053100735198041063158160613896617984.000000
305,5.954126,2.261410,0.201064,16883752139660441992347202697532887617556646924989163433324850584524603263100205263486114117225977527387075611314600794673282010667431638927548916318999718194828882237410800449061771243504240693537482548969393685332724668243688916567610397077016788631177879780874459038847794319744573636608.000000
306,5.927546,2.238753,0.197033,151448068951605616282775389163073030862504650769739612825129140188290610338639369205404656334645924312363935091972364874115767283360768806522486494069039865954216935973918074573514920689514598460460741579738337699411522127971432364696886959435183295975765173117911953704387716515214338818048.000000
307,5.901458,2.214748,0.193082,1358504355471679471729564481671204562777044747502285064356081783030208687874656201841185412614991646538057382048392351902111022258464176232525506757941377647296276713267710618426159086183244330071456499586307594814876879366993497404031242032143937762781664852096938247260633235653107055067136.000000
308,5.875469,2.192369,0.189209,12185990926520312602366470261116762145247528562862388873617706702586568881617548583800539720442132639764707846620499137667100693267318353510319332293100597592465588903691276127115537180874072085908887139423955241711155950517642149105783703590154252807282566987139874348574809463656928858079232.000000
309,5.849581,2.169113,0.185414,109310827916213915209790447495447535301511572980131743574106193473224796660015788653229288433467308152641991713608991978170275172922018588644507715953828125019380499890423867077165847024984195749829564616749829738365004755803606568300606623320901387633001216987817882048166108779553045188968448.000000
310,5.823792,2.146928,0.181697,980546135280513657433150414377663284604303556158205888774967849074473460821882961551102688263499724001828683651605623523468413737980761690247914179870950449410864103494359170328685535158087120437959494369607926422637800553681867533698985194254571627456754849324685427592267510975557191440793600.000000
311,5.798103,2.124398,0.178057,8795800972152422838157700811903991865734787892793618149626454810409052193146746619832308342493681692907471244055184250914391721084960849749469563324036456687294986477319088749612384371069890350513289841244582875547804232840702993937380836172982943611931091881423669387239416143702005122215182336.000000
312,5.772514,2.102411,0.174489,78901501021055034528751246107435904682460542226626830377579656527918440238944307535223352269476590958234022651652853702854426185632773869767196693985050690889073270934051194451824580254727020631467065125178299353725413258134889143527550259726361961444110080586919854755809456962331299238417268736.000000
313,5.747024,2.080587,0.170992,707778953131606209378115797884472266083570408617976864492412192254064357414646931897154404175801714798191626552824461966878795568839816479688391830400085370726306997485553185094647396333865834641323684166390489925234946663159441461310994376251975307409374620318300592319809486447513980485230395392.000000
314,5.721634,2.058799,0.167565,6349105260639619731745461446305612557892966261227001395182826228966896775769645216557952303756230468056202054157442406368398233259600851733875866503519022648501225762798351340455574656088910468272559427033683033667138088650530876434575282424986013099660108593494315235221879850707516981179112751104.000000
315,5.696343,2.037662,0.164207,56954744986675564896235864567620700981370868776024156085681396619922754178550127322669422624007735180183835802465989850608289146854748473622470380865119762465249296006575324429958191881052723246454205276995002474839965660539720049923238316451467677559930789802754344990719401392560672515499661197312.000000
316,5.671150,2.016076,0.160915,510916342223036999275937188379413867604174240297924842917544960976774142995044546924091246797612399471372104798327350951265641657254778342450650522798004623691305148692305139125454143867188468173339433312141996286765293468985941154862968923323291759828086180116455476787042052927840300601617508466688.000000
317,5.646057,1.995604,0.157689,4583235487222485171924888311677523481240390007993440602670773388822372027173466989585236488908713364287806794069160467469723926244940769186883466245915040843373973037592262256430376447915181457064256325889544137096194464442771624804280045308648761517438172832700514550192415954275924661721761312669696.000000
318,5.621062,1.974224,0.154527,41114692005573156138762819158689411560852717195333750752859202626345942406522394544632212922234634110202229276151539017778865689273313659794581538192484760160566623572533139935916931902230163991047171390516793301473251577321068482228975740310855349316453793372544310158771463924710417732895630784724992.000000
319,5.596166,1.954399,0.151429,368828437655573061001253427032852042502825508009184606492507756240151521851451434565477131155419871872143381960635897001318678400268533141426238159469923387263194144220548518431811543223171903481130309029686110871793518931298556084265560373846410785220054495964763567445779009315455526130834751361122304.000000
320,5.571367,1.933500,0.148395,3308676001941989206268154617046378777500523409974946753555518428415159996476325216627234442403445049160662104314834409610446469723198210630267041156431980289425133042541952176757541381027574459055523319266287750852604393344130268950165791000597055475540030199878392757135024278896015551045489369739689984.000000
321,5.546667,1.914029,0.145423,29681549240699087269086843378080419848981887766820553882611171067495883997026854942533425984879771476435572880315699951281726338649333410180960798018587567887001565232953930508740999804345075200611023753073668444369949418061943919404968489803796504199387126829415353360277707037274274605978156057789202432.000000
322,5.522065,1.893760,0.142509,266269465810591472749893766287317677215165273835111326654288181282519399268731944244507933040511424611674631477994100547724072940659845955332322134546045412041669583265578755812130849632725879289865509023655813662006857644355696539624716720222090825124191051837320079591987662393396327123729899912809152512.000000
323,5.497561,1.874477,0.139654,2388683681620490516885464299301908096251006893833804334330034301137455762487639124996675807641297777459115952528777883289049444186304915565217256254911977997097600914213573937236426203298367044360861758754894027245846956172553674756612155822473966955000699171883274490823003314060163977902988207400815689728.000000
324,5.473154,1.854821,0.136856,21428826502514436410459958270505726725837366249297839197828758284101265706134043133347944384154061087468157600186367318559806092142704124484847298999900565578528187060990872125052783571649475118759225333911704635461567657412781144624131903030799435329503932162823277579611168530864570702256350164629852258304.000000
325,5.448844,1.835729,0.134114,inf
326,5.424631,1.816668,0.131426,inf
327,5.400962,1.797768,0.128792,inf
328,5.377457,1.779286,0.126210,inf
329,5.354044,1.760578,0.123680,inf
330,5.330721,1.742659,0.121204,inf
331,5.307488,1.724145,0.118777,inf
332,5.284346,1.706774,0.116398,inf
333,5.261294,1.688545,0.114066,inf
334,5.238332,1.671615,0.111782,inf
335,5.215460,1.653919,0.109542,inf
336,5.192677,1.637168,0.107347,inf
337,5.169984,1.619991,0.105197,inf
338,5.147379,1.603419,0.103088,inf
339,5.124864,1.586747,0.101022,inf
340,5.102438,1.570355,0.099000,inf
341,5.080100,1.554174,0.097018,inf
342,5.057850,1.537962,0.095076,inf
343,5.035689,1.522258,0.093172,inf
344,5.013615,1.506227,0.091306,inf
345,4.991629,1.490988,0.089477,inf
346,4.969731,1.475137,0.087685,0.000000
347,4.947921,1.460350,0.085929,
348,4.926546,1.444880,0.084207,
349,4.905313,1.430332,0.082520,
350,4.884163,1.415302,0.080868,
351,4.863094,1.400922,0.079249,
352,4.842108,1.386321,0.077663,
353,4.821204,1.372107,0.076108,
354,4.800381,1.357925,0.074585,
355,4.779640,1.343877,0.073091,
356,4.758980,1.330101,0.071628,
357,4.738401,1.316219,0.070193,
358,4.717902,1.302839,0.068787,
359,4.697485,1.289123,0.067410,
360,4.677148,1.276127,0.066060,
361,4.656892,1.262587,0.064738,
362,4.636715,1.249956,0.063443,
363,4.616618,1.236792,0.062173,
364,4.596601,1.224314,0.060929,
365,4.576663,1.211516,0.059709,
366,4.556805,1.199191,0.058514,
367,4.537026,1.186749,0.057342,
368,4.517325,1.174576,0.056194,
369,4.497827,1.162481,0.055069,
370,4.478603,1.150460,0.053966,
371,4.459453,1.138704,0.052886,
372,4.440379,1.126832,0.051828,
373,4.421379,1.115406,0.050791,
374,4.402454,1.103684,0.049775,
375,4.383603,1.092578,0.048779,
376,4.364825,1.081038,0.047803,
377,4.346122,1.070211,0.046846,
378,4.327492,1.058985,0.045908,
379,4.308935,1.048297,0.044989,
380,4.290451,1.037375,0.044089,
381,4.272041,1.026826,0.043206,
382,4.253703,1.016202,0.042342,
383,4.235438,1.005789,0.041495,
384,4.217245,0.995455,0.040665,
385,4.199124,0.985178,0.039851,
386,4.181075,0.975126,0.039054,
387,4.163097,0.964984,0.038272,
388,4.145192,0.955207,0.037507,
389,4.127357,0.945200,0.036756,
390,4.109594,0.935691,0.036020,
391,4.092003,0.925836,0.035299,
392,4.074633,0.916568,0.034593,
393,4.057332,0.906976,0.033901,
394,4.040099,0.897832,0.033223,
395,4.022933,0.888495,0.032559,
396,4.005835,0.879474,0.031907,
397,3.988804,0.870386,0.031269,
398,3.971840,0.861488,0.030644,
399,3.954943,0.852642,0.030031,
400,3.938112,0.843865,0.029430,
401,3.921348,0.835256,0.028841,
402,3.904650,0.826599,0.028264,
403,3.888018,0.818220,0.027698,
404,3.871452,0.809682,0.027144,
405,3.854952,0.801528,0.026602,
406,3.838517,0.793108,0.026070,
407,3.822147,0.785173,0.025548,
408,3.805842,0.776965,0.025037,
409,3.789603,0.769148,0.024537,
410,3.773427,0.761154,0.024046,
411,3.757317,0.753447,0.023565,
412,3.741270,0.745662,0.023093,
413,3.725288,0.738063,0.022631,
414,3.709542,0.730481,0.022179,
415,3.693887,0.722989,0.021735,
416,3.678293,0.715607,0.021301,
417,3.662760,0.708221,0.020875,
418,3.647289,0.701032,0.020457,
419,3.631879,0.693751,0.020048,
420,3.616529,0.686751,0.019648,
421,3.601240,0.679574,0.019255,
422,3.586012,0.672758,0.018870,
423,3.570844,0.665725,0.018492,
424,3.555735,0.659048,0.018122,
425,3.540687,0.652195,0.017760,
426,3.525698,0.645614,0.017405,
427,3.510769,0.638937,0.017057,
428,3.495899,0.632451,0.016716,
429,3.481089,0.625946,0.016382,
430,3.466337,0.619554,0.016054,
431,3.451644,0.613216,0.015733,
432,3.437009,0.606918,0.015419,
433,3.422433,0.600743,0.015110,
434,3.407914,0.594537,0.014808,
435,3.393454,0.588522,0.014512,
436,3.379052,0.582407,0.014222,
437,3.364823,0.576546,0.013937,
438,3.350695,0.570522,0.013659,
439,3.336622,0.564812,0.013386,
440,3.322604,0.558932,0.013118,
441,3.308643,0.553315,0.012856,
442,3.294736,0.547583,0.012599,
443,3.280884,0.542050,0.012347,
444,3.267088,0.536463,0.012101,
445,3.253345,0.531012,0.011859,
446,3.239658,0.525566,0.011622,
447,3.226025,0.520197,0.011389,
448,3.212445,0.514889,0.011161,
449,3.198920,0.509601,0.010938,
450,3.185449,0.504427,0.010720,
451,3.172031,0.499218,0.010505,
452,3.158666,0.494176,0.010296,
453,3.145355,0.489046,0.010090,
454,3.132097,0.484131,0.009888,
455,3.118892,0.479081,0.009691,
456,3.105739,0.474289,0.009497,
457,3.092639,0.469364,0.009307,
458,3.079591,0.464645,0.009121,
459,3.066596,0.459843,0.008939,
460,3.053652,0.455196,0.008760,
461,3.040882,0.450513,0.008585,
462,3.028168,0.445937,0.008413,
463,3.015505,0.441371,0.008245,
464,3.002891,0.436866,0.008080,
465,2.990328,0.432413,0.007919,
466,2.977815,0.427977,0.007761,
467,2.965351,0.423635,0.007606,
468,2.952936,0.419268,0.007454,
469,2.940571,0.415035,0.007305,
470,2.928256,0.410735,0.007159,
471,2.915989,0.406607,0.007016,
472,2.903771,0.402374,0.006875,
473,2.891601,0.398350,0.006738,
474,2.879480,0.394219,0.006603,
475,2.867408,0.390258,0.006471,
476,2.855383,0.386229,0.006342,
477,2.843407,0.382330,0.006216,
478,2.831478,0.378400,0.006091,
479,2.819597,0.374562,0.005970,
480,2.807763,0.370728,0.005850,
481,2.795977,0.366951,0.005733,
482,2.784238,0.363211,0.005619,
483,2.772545,0.359493,0.005507,
484,2.760900,0.355845,0.005397,
485,2.749352,0.352186,0.005289,
486,2.737902,0.348628,0.005183,
487,2.726496,0.345026,0.005080,
488,2.715136,0.341556,0.004978,
489,2.703821,0.338010,0.004879,
490,2.692551,0.334626,0.004781,
491,2.681326,0.331158,0.004686,
492,2.670145,0.327836,0.004592,
493,2.659009,0.324451,0.004500,
494,2.647918,0.321182,0.004410,
495,2.636870,0.317880,0.004322,
496,2.625867,0.314663,0.004236,
497,2.614907,0.311441,0.004151,
498,2.603991,0.308276,0.004068,
499,2.593119,0.305132,0.003987,
500,2.582290,0.302017,0.003907,
501,2.571504,0.298949,0.003829,
502,2.560762,0.295884,0.003753,
503,2.550062,0.292891,0.003678,
504,2.539405,0.289875,0.003605,
505,2.528791,0.286955,0.003533,
506,2.518219,0.283988,0.003462,
507,2.507690,0.281138,0.003393,
508,2.497203,0.278223,0.003325,
509,2.486758,0.275439,0.003259,
510,2.476381,0.272593,0.003194,
511,2.466100,0.269854,0.003130,
512,2.455861,0.267077,0.003067,
513,2.445662,0.264382,0.003006,
514,2.435504,0.261671,0.002946,
515,2.425387,0.259020,0.002887,
516,2.415310,0.256375,0.002829,
517,2.405273,0.253766,0.002773,
518,2.395276,0.251184,0.002718,
519,2.385318,0.248619,0.002663,
520,2.375401,0.246098,0.002610,
521,2.365523,0.243575,0.002558,
522,2.355685,0.241115,0.002507,
523,2.345886,0.238632,0.002457,
524,2.336126,0.236232,0.002408,
525,2.326405,0.233790,0.002360,
526,2.316723,0.231447,0.002313,
527,2.307080,0.229053,0.002266,
528,2.297475,0.226758,0.002221,
529,2.287909,0.224421,0.002177,
530,2.278381,0.222164,0.002133,
531,2.268891,0.219882,0.002091,
532,2.259439,0.217663,0.002049,
533,2.250026,0.215435,0.002008,
534,2.240650,0.213252,0.001968,
535,2.231311,0.211077,0.001929,
536,2.222034,0.208930,0.001890,
537,2.212836,0.206806,0.001852,
538,2.203674,0.204695,0.001815,
539,2.194549,0.202622,0.001779,
540,2.185460,0.200546,0.001744,
541,2.176407,0.198522,0.001709,
542,2.167391,0.196480,0.001675,
543,2.158410,0.194504,0.001641,
544,2.149465,0.192496,0.001608,
545,2.140557,0.190567,0.001576,
546,2.131683,0.188599,0.001545,
547,2.122846,0.186710,0.001514,
548,2.114043,0.184787,0.001484,
549,2.105276,0.182930,0.001454,
550,2.096544,0.181052,0.001425,
551,2.087847,0.179226,0.001397,
552,2.079184,0.177393,0.001369,
553,2.070557,0.175597,0.001341,
554,2.061964,0.173807,0.001315,
555,2.053405,0.172041,0.001288,
556,2.044881,0.170293,0.001263,
557,2.036391,0.168556,0.001238,
558,2.027935,0.166849,0.001213,
559,2.019512,0.165142,0.001189,
560,2.011124,0.163475,0.001165,
561,2.002770,0.161797,0.001142,
562,1.994449,0.160169,0.001119,
563,1.986192,0.158519,0.001096,
564,1.977990,0.156929,0.001075,
565,1.969821,0.155309,0.001053,
566,1.961684,0.153755,0.001032,
567,1.953579,0.152172,0.001012,
568,1.945507,0.150644,0.000991,
569,1.937468,0.149098,0.000972,
570,1.929460,0.147597,0.000952,
571,1.921485,0.146086,0.000933,
572,1.913541,0.144610,0.000915,
573,1.905630,0.143135,0.000896,
574,1.897749,0.141684,0.000878,
575,1.889901,0.140243,0.000861,
576,1.882084,0.138816,0.000844,
577,1.874298,0.137409,0.000827,
578,1.866544,0.136006,0.000810,
579,1.858820,0.134632,0.000794,
580,1.851128,0.133253,0.000778,
581,1.843466,0.131911,0.000763,
582,1.835835,0.130556,0.000748,
583,1.828235,0.129245,0.000733,
584,1.820666,0.127913,0.000718,
585,1.813126,0.126632,0.000704,
586,1.805617,0.125328,0.000690,
587,1.798138,0.124072,0.000676,
588,1.790690,0.122798,0.000662,
589,1.783271,0.121563,0.000649,
590,1.775882,0.120319,0.000636,
591,1.768563,0.119105,0.000623,
592,1.761275,0.117889,0.000611,
593,1.754016,0.116697,0.000599,
594,1.746786,0.115509,0.000587,
595,1.739585,0.114337,0.000575,
596,1.732413,0.113176,0.000564,
597,1.725270,0.112024,0.000552,
598,1.718155,0.110890,0.000541,
599,1.711069,0.109758,0.000531,
600,1.704011,0.108650,0.000520,
601,1.696982,0.107538,0.000510,
602,1.689980,0.106456,0.000499,
603,1.683007,0.105362,0.000490,
604,1.676062,0.104305,0.000480,
605,1.669144,0.103230,0.000470,
606,1.662255,0.102198,0.000461,
607,1.655393,0.101147,0.000452,
608,1.648558,0.100133,0.000443,
609,1.641751,0.099106,0.000434,
610,1.634971,0.098109,0.000425,
611,1.628219,0.097106,0.000417,
612,1.621494,0.096127,0.000408,
613,1.614795,0.095146,0.000400,
614,1.608124,0.094184,0.000392,
615,1.601480,0.093226,0.000384,
616,1.594862,0.092280,0.000377,
617,1.588271,0.091344,0.000369,
618,1.581706,0.090415,0.000362,
619,1.575182,0.089500,0.000355,
620,1.568704,0.088587,0.000347,
621,1.562251,0.087693,0.000341,
622,1.555825,0.086796,0.000334,
623,1.549424,0.085923,0.000327,
624,1.543049,0.085041,0.000321,
625,1.536699,0.084188,0.000314,
626,1.530375,0.083322,0.000308,
627,1.524076,0.082488,0.000302,
628,1.517803,0.081640,0.000296,
629,1.511554,0.080822,0.000290,
630,1.505331,0.079994,0.000284,
631,1.499133,0.079190,0.000278,
632,1.492960,0.078380,0.000273,
633,1.486811,0.077590,0.000267,
634,1.480687,0.076799,0.000262,
635,1.474588,0.076023,0.000257,
636,1.468513,0.075250,0.000252,
637,1.462463,0.074488,0.000247,
638,1.456436,0.073732,0.000242,
639,1.450435,0.072983,0.000237,
640,1.444457,0.072244,0.000232,
641,1.438503,0.071508,0.000228,
642,1.432574,0.070787,0.000223,
643,1.426668,0.070063,0.000219,
644,1.420786,0.069358,0.000214,
645,1.414927,0.068648,0.000210,
646,1.409092,0.067958,0.000206,
647,1.403281,0.067260,0.000202,
648,1.397493,0.066587,0.000198,
649,1.391754,0.065903,0.000194,
650,1.386039,0.065243,0.000190,
651,1.380348,0.064574,0.000186,
652,1.374679,0.063926,0.000182,
653,1.369033,0.063272,0.000179,
654,1.363409,0.062635,0.000175,
655,1.357808,0.061997,0.000172,
656,1.352230,0.061371,0.000168,
657,1.346674,0.060746,0.000165,
658,1.341140,0.060132,0.000162,
659,1.335629,0.059521,0.000158,
660,1.330140,0.058918,0.000155,
661,1.324672,0.058321,0.000152,
662,1.319227,0.057728,0.000149,
663,1.313804,0.057145,0.000146,
664,1.308402,0.056562,0.000143,
665,1.303022,0.055992,0.000140,
666,1.297664,0.055420,0.000138,
667,1.292327,0.054863,0.000135,
668,1.287012,0.054301,0.000132,
669,1.281718,0.053756,0.000129,
670,1.276446,0.053204,0.000127,
671,1.271194,0.052672,0.000124,
672,1.265964,0.052131,0.000122,
673,1.260755,0.051609,0.000119,
674,1.255567,0.051081,0.000117,
675,1.250400,0.050568,0.000115,
676,1.245253,0.050051,0.000112,
677,1.240127,0.049547,0.000110,
678,1.235022,0.049043,0.000108,
679,1.229948,0.048548,0.000106,
680,1.224906,0.048054,0.000104,
681,1.219883,0.047568,0.000102,
682,1.214881,0.047086,0.000100,
683,1.209899,0.046608,0.000098,
684,1.204937,0.046136,0.000096,
685,1.199995,0.045667,0.000094,
686,1.195073,0.045206,0.000092,
687,1.190171,0.044745,0.000090,
688,1.185288,0.044295,0.000088,
689,1.180425,0.043842,0.000087,
690,1.175582,0.043402,0.000085,
691,1.170758,0.042957,0.000083,
692,1.165953,0.042527,0.000081,
693,1.161168,0.042090,0.000080,
694,1.156402,0.041669,0.000078,
695,1.151655,0.041242,0.000077,
696,1.146927,0.040829,0.000075,
697,1.142219,0.040411,0.000074,
698,1.137529,0.040005,0.000072,
699,1.132858,0.039597,0.000071,
700,1.128206,0.039198,0.000069,
701,1.123572,0.038799,0.000068,
702,1.118958,0.038408,0.000067,
703,1.114362,0.038018,0.000065,
704,1.109784,0.037633,0.000064,
705,1.105225,0.037252,0.000063,
706,1.100684,0.036874,0.000061,
707,1.096162,0.036501,0.000060,
708,1.091657,0.036130,0.000059,
709,1.087171,0.035765,0.000058,
710,1.082703,0.035401,0.000057,
711,1.078270,0.035045,0.000056,
712,1.073855,0.034687,0.000054,
713,1.069458,0.034338,0.000053,
714,1.065078,0.033987,0.000052,
715,1.060717,0.033646,0.000051,
716,1.056372,0.033301,0.000050,
717,1.052046,0.032968,0.000049,
718,1.047736,0.032630,0.000048,
719,1.043444,0.032303,0.000047,
720,1.039169,0.031973,0.000046,
721,1.034911,0.031652,0.000045,
722,1.030671,0.031329,0.000045,
723,1.026448,0.031014,0.000044,
724,1.022241,0.030698,0.000043,
725,1.018052,0.030389,0.000042,
726,1.013879,0.030080,0.000041,
727,1.009723,0.029776,0.000040,
728,1.005584,0.029474,0.000039,
729,1.001461,0.029176,0.000039,
730,0.997356,0.028880,0.000038,
731,0.993266,0.028587,0.000037,
732,0.989193,0.028299,0.000036,
733,0.985137,0.028011,0.000036,
734,0.981097,0.027729,0.000035,
735,0.977073,0.027446,0.000034,
736,0.973065,0.027170,0.000034,
737,0.969074,0.026893,0.000033,
738,0.965099,0.026623,0.000032,
739,0.961139,0.026350,0.000032,
740,0.957196,0.026086,0.000031,
741,0.953269,0.025819,0.000030,
742,0.949357,0.025561,0.000030,
743,0.945466,0.025299,0.000029,
744,0.941600,0.025046,0.000029,
745,0.937749,0.024790,0.000028,
746,0.933914,0.024541,0.000027,
747,0.930094,0.024291,0.000027,
748,0.926290,0.024046,0.000026,
749,0.922501,0.023802,0.000026,
750,0.918727,0.023562,0.000025,
751,0.914968,0.023322,0.000025,
752,0.911224,0.023087,0.000024,
753,0.907496,0.022853,0.000024,
754,0.903782,0.022621,0.000023,
755,0.900084,0.022393,0.000023,
756,0.896400,0.022165,0.000022,
757,0.892731,0.021942,0.000022,
758,0.889077,0.021719,0.000022,
759,0.885438,0.021500,0.000021,
760,0.881813,0.021281,0.000021,
761,0.878203,0.021067,0.000020,
762,0.874607,0.020852,0.000020,
763,0.871026,0.020643,0.000019,
764,0.867460,0.020431,0.000019,
765,0.863907,0.020227,0.000019,
766,0.860369,0.020020,0.000018,
767,0.856846,0.019819,0.000018,
768,0.853336,0.019617,0.000018,
769,0.849841,0.019420,0.000017,
770,0.846360,0.019222,0.000017,
771,0.842892,0.019029,0.000017,
772,0.839439,0.018835,0.000016,
773,0.836000,0.018646,0.000016,
774,0.832575,0.018456,0.000016,
775,0.829163,0.018270,0.000015,
776,0.825765,0.018085,0.000015,
777,0.822389,0.017902,0.000015,
778,0.819029,0.017721,0.000014,
779,0.815683,0.017541,0.000014,
780,0.812351,0.017364,0.000014,
781,0.809032,0.017188,0.000014,
782,0.805726,0.017014,0.000013,
783,0.802434,0.016841,0.000013,
784,0.799155,0.016672,0.000013,
785,0.795889,0.016502,0.000013,
786,0.792636,0.016336,0.000012,
787,0.789396,0.016169,0.000012,
788,0.786170,0.016007,0.000012,
789,0.782956,0.015844,0.000012,
790,0.779755,0.015685,0.000011,
791,0.776568,0.015524,0.000011,
792,0.773393,0.015369,0.000011,
793,0.770231,0.015212,0.000011,
794,0.767081,0.015060,0.000010,
795,0.763944,0.014906,0.000010,
796,0.760820,0.014756,0.000010,
797,0.757709,0.014606,0.000010,
798,0.754610,0.014459,0.000010,
799,0.751524,0.014312,0.000009,
800,0.748450,0.014168,0.000009,
801,0.745388,0.014024,0.000009,
802,0.742339,0.013883,0.000009,
803,0.739302,0.013742,0.000009,
804,0.736277,0.013603,0.000009,
805,0.733265,0.013466,0.000008,
806,0.730264,0.013329,0.000008,
807,0.727276,0.013195,0.000008,
808,0.724300,0.013061,0.000008,
809,0.721336,0.012929,0.000008,
810,0.718384,0.012798,0.000008,
811,0.715443,0.012669,0.000007,
812,0.712522,0.012540,0.000007,
813,0.709615,0.012414,0.000007,
814,0.706719,0.012287,0.000007,
815,0.703834,0.012164,0.000007,
816,0.700961,0.012040,0.000007,
817,0.698100,0.011919,0.000007,
818,0.695250,0.011797,0.000006,
819,0.692412,0.011679,0.000006,
820,0.689585,0.011560,0.000006,
821,0.686770,0.011444,0.000006,
822,0.683966,0.011328,0.000006,
823,0.681173,0.011214,0.000006,
824,0.678391,0.011100,0.000006,
825,0.675621,0.010988,0.000006,
826,0.672862,0.010876,0.000005,
827,0.670114,0.010767,0.000005,
828,0.667377,0.010658,0.000005,
829,0.664651,0.010550,0.000005,
830,0.661936,0.010443,0.000005,
831,0.659232,0.010338,0.000005,
832,0.656539,0.010233,0.000005,
833,0.653856,0.010129,0.000005,
834,0.651185,0.010027,0.000005,
835,0.648524,0.009925,0.000005,
836,0.645874,0.009825,0.000004,
837,0.643235,0.009726,0.000004,
838,0.640607,0.009628,0.000004,
839,0.637989,0.009530,0.000004,
840,0.635381,0.009434,0.000004,
841,0.632784,0.009338,0.000004,
842,0.630198,0.009244,0.000004,
843,0.627622,0.009150,0.000004,
844,0.625056,0.009058,0.000004,
845,0.622501,0.008966,0.000004,
846,0.619956,0.008876,0.000004,
847,0.617422,0.008785,0.000004,
848,0.614903,0.008697,0.000004,
849,0.612396,0.008609,0.000003,
850,0.609899,0.008522,0.000003,
851,0.607412,0.008436,0.000003,
852,0.604935,0.008351,0.000003,
853,0.602468,0.008266,0.000003,
854,0.600011,0.008183,0.000003,
855,0.597563,0.008100,0.000003,
856,0.595126,0.008018,0.000003,
857,0.592699,0.007937,0.000003,
858,0.590281,0.007857,0.000003,
859,0.587873,0.007777,0.000003,
860,0.585475,0.007698,0.000003,
861,0.583086,0.007621,0.000003,
862,0.580707,0.007543,0.000003,
863,0.578338,0.007468,0.000003,
864,0.575978,0.007392,0.000003,
865,0.573627,0.007317,0.000003,
866,0.571286,0.007243,0.000002,
867,0.568955,0.007170,0.000002,
868,0.566633,0.007097,0.000002,
869,0.564320,0.007026,0.000002,
870,0.562017,0.006954,0.000002,
871,0.559723,0.006885,0.000002,
872,0.557438,0.006814,0.000002,
873,0.555163,0.006746,0.000002,
874,0.552896,0.006677,0.000002,
875,0.550639,0.006610,0.000002,
876,0.548391,0.006543,0.000002,
877,0.546152,0.006477,0.000002,
878,0.543922,0.006412,0.000002,
879,0.541701,0.006347,0.000002,
880,0.539489,0.006283,0.000002,
881,0.537286,0.006219,0.000002,
882,0.535092,0.006156,0.000002,
883,0.532906,0.006094,0.000002,
884,0.530730,0.006033,0.000002,
885,0.528566,0.005972,0.000002,
886,0.526412,0.005911,0.000002,
887,0.524267,0.005851,0.000002,
888,0.522131,0.005792,0.000002,
889,0.520004,0.005734,0.000002,
890,0.517885,0.005676,0.000002,
891,0.515775,0.005618,0.000001,
892,0.513673,0.005562,0.000001,
893,0.511579,0.005505,0.000001,
894,0.509494,0.005450,0.000001,
895,0.507418,0.005394,0.000001,
896,0.505350,0.005340,0.000001,
897,0.503290,0.005286,0.000001,
898,0.501238,0.005233,0.000001,
899,0.499195,0.005179,0.000001,
900,0.497160,0.005128,0.000001,
901,0.495133,0.005075,0.000001,
902,0.493115,0.005025,0.000001,
903,0.491104,0.004973,0.000001,
904,0.489102,0.004923,0.000001,
905,0.487107,0.004873,0.000001,
906,0.485121,0.004824,0.000001,
907,0.483143,0.004775,0.000001,
908,0.481173,0.004727,0.000001,
909,0.479210,0.004679,0.000001,
910,0.477256,0.004632,0.000001,
911,0.475309,0.004585,0.000001,
912,0.473371,0.004539,,
913,0.471440,0.004493,,
914,0.469517,0.004448,,
915,0.467602,0.004403,,
916,0.465694,0.004358,,
917,0.463794,0.004314,,
918,0.461902,0.004271,,
919,0.460018,0.004228,,
920,0.458141,0.004185,,
921,0.456271,0.004143,,
922,0.454410,0.004101,,
923,0.452556,0.004059,,
924,0.450714,0.004018,,
925,0.448879,0.003978,,
926,0.447051,0.003937,,
927,0.445231,0.003898,,
928,0.443418,0.003858,,
929,0.441613,0.003819,,
930,0.439814,0.003780,,
931,0.438023,0.003743,,
932,0.436240,0.003705,,
933,0.434463,0.003667,,
934,0.432694,0.003630,,
935,0.430931,0.003594,,
936,0.429176,0.003557,,
937,0.427428,0.003521,,
938,0.425687,0.003486,,
939,0.423953,0.003451,,
940,0.422226,0.003416,,
941,0.420506,0.003381,,
942,0.418793,0.003347,,
943,0.417087,0.003313,,
944,0.415387,0.003280,,
945,0.413695,0.003246,,
946,0.412009,0.003214,,
947,0.410330,0.003181,,
948,0.408658,0.003149,,
949,0.406993,0.003117,,
950,0.405335,0.003086,,
951,0.403683,0.003055,,
952,0.402037,0.003024,,
953,0.400399,0.002993,,
954,0.398767,0.002963,,
955,0.397142,0.002933,,
956,0.395523,0.002904,,
957,0.393910,0.002874,,
958,0.392305,0.002845,,
959,0.390705,0.002816,,
960,0.389113,0.002788,,
961,0.387526,0.002760,,
962,0.385946,0.002732,,
963,0.384374,0.002704,,
964,0.382810,0.002677,,
965,0.381253,0.002650,,
966,0.379702,0.002623,,
967,0.378157,0.002597,,
968,0.376618,0.002570,,
969,0.375086,0.002544,,
970,0.373559,0.002519,,
971,0.372039,0.002493,,
972,0.370525,0.002468,,
973,0.369017,0.002443,,
974,0.367516,0.002418,,
975,0.366020,0.002394,,
976,0.364530,0.002370,,
977,0.363046,0.002346,,
978,0.361569,0.002322,,
979,0.360097,0.002299,,
980,0.358631,0.002276,,
981,0.357171,0.002253,,
982,0.355717,0.002230,,
983,0.354269,0.002207,,
984,0.352827,0.002185,,
985,0.351390,0.002163,,
986,0.349959,0.002141,,
987,0.348535,0.002120,,
988,0.347115,0.002098,,
989,0.345702,0.002077,,
990,0.344294,0.002056,,
991,0.342892,0.002035,,
992,0.341496,0.002015,,
993,0.340105,0.001994,,
994,0.338720,0.001974,,
995,0.337340,0.001954,,
996,0.335966,0.001934,,
997,0.334598,0.001915,,
998,0.333235,0.001896,,
999,0.331878,0.001876,,
1000,0.330526,0.001857,,
